run_id,temperature,deformation,status
DOE_001,300.0,0.01,PLANNED
DOE_002,300.0,0.01143,PLANNED
DOE_003,300.0,0.01286,PLANNED
DOE_004,300.0,0.01429,PLANNED
DOE_005,300.0,0.01571,PLANNED
DOE_006,300.0,0.01714,PLANNED
DOE_007,300.0,0.01857,PLANNED
DOE_008,300.0,0.02,PLANNED
DOE_009,300.0,0.02143,PLANNED
DOE_010,300.0,0.02286,PLANNED
DOE_011,300.0,0.02429,PLANNED
DOE_012,300.0,0.02571,PLANNED
DOE_013,300.0,0.02714,PLANNED
DOE_014,300.0,0.02857,PLANNED
DOE_015,300.0,0.03,PLANNED
DOE_016,347.368,0.01,PLANNED
DOE_017,347.368,0.01143,PLANNED
DOE_018,347.368,0.01286,PLANNED
DOE_019,347.368,0.01429,PLANNED
DOE_020,347.368,0.01571,PLANNED
DOE_021,347.368,0.01714,PLANNED
DOE_022,347.368,0.01857,PLANNED
DOE_023,347.368,0.02,PLANNED
DOE_024,347.368,0.02143,PLANNED
DOE_025,347.368,0.02286,PLANNED
DOE_026,347.368,0.02429,PLANNED
DOE_027,347.368,0.02571,PLANNED
DOE_028,347.368,0.02714,PLANNED
DOE_029,347.368,0.02857,PLANNED
DOE_030,347.368,0.03,PLANNED
DOE_031,394.737,0.01,PLANNED
DOE_032,394.737,0.01143,PLANNED
DOE_033,394.737,0.01286,PLANNED
DOE_034,394.737,0.01429,PLANNED
DOE_035,394.737,0.01571,PLANNED
DOE_036,394.737,0.01714,PLANNED
DOE_037,394.737,0.01857,PLANNED
DOE_038,394.737,0.02,PLANNED
DOE_039,394.737,0.02143,PLANNED
DOE_040,394.737,0.02286,PLANNED
DOE_041,394.737,0.02429,PLANNED
DOE_042,394.737,0.02571,PLANNED
DOE_043,394.737,0.02714,PLANNED
DOE_044,394.737,0.02857,PLANNED
DOE_045,394.737,0.03,PLANNED
DOE_046,442.105,0.01,PLANNED
DOE_047,442.105,0.01143,PLANNED
DOE_048,442.105,0.01286,PLANNED
DOE_049,442.105,0.01429,PLANNED
DOE_050,442.105,0.01571,PLANNED
DOE_051,442.105,0.01714,PLANNED
DOE_052,442.105,0.01857,PLANNED
DOE_053,442.105,0.02,PLANNED
DOE_054,442.105,0.02143,PLANNED
DOE_055,442.105,0.02286,PLANNED
DOE_056,442.105,0.02429,PLANNED
DOE_057,442.105,0.02571,PLANNED
DOE_058,442.105,0.02714,PLANNED
DOE_059,442.105,0.02857,PLANNED
DOE_060,442.105,0.03,PLANNED
DOE_061,489.474,0.01,PLANNED
DOE_062,489.474,0.01143,PLANNED
DOE_063,489.474,0.01286,PLANNED
DOE_064,489.474,0.01429,PLANNED
DOE_065,489.474,0.01571,PLANNED
DOE_066,489.474,0.01714,PLANNED
DOE_067,489.474,0.01857,PLANNED
DOE_068,489.474,0.02,PLANNED
DOE_069,489.474,0.02143,PLANNED
DOE_070,489.474,0.02286,PLANNED
DOE_071,489.474,0.02429,PLANNED
DOE_072,489.474,0.02571,PLANNED
DOE_073,489.474,0.02714,PLANNED
DOE_074,489.474,0.02857,PLANNED
DOE_075,489.474,0.03,PLANNED
DOE_076,536.842,0.01,PLANNED
DOE_077,536.842,0.01143,PLANNED
DOE_078,536.842,0.01286,PLANNED
DOE_079,536.842,0.01429,PLANNED
DOE_080,536.842,0.01571,PLANNED
DOE_081,536.842,0.01714,PLANNED
DOE_082,536.842,0.01857,PLANNED
DOE_083,536.842,0.02,PLANNED
DOE_084,536.842,0.02143,PLANNED
DOE_085,536.842,0.02286,PLANNED
DOE_086,536.842,0.02429,PLANNED
DOE_087,536.842,0.02571,PLANNED
DOE_088,536.842,0.02714,PLANNED
DOE_089,536.842,0.02857,PLANNED
DOE_090,536.842,0.03,PLANNED
DOE_091,584.211,0.01,PLANNED
DOE_092,584.211,0.01143,PLANNED
DOE_093,584.211,0.01286,PLANNED
DOE_094,584.211,0.01429,PLANNED
DOE_095,584.211,0.01571,PLANNED
DOE_096,584.211,0.01714,PLANNED
DOE_097,584.211,0.01857,PLANNED
DOE_098,584.211,0.02,PLANNED
DOE_099,584.211,0.02143,PLANNED
DOE_100,584.211,0.02286,PLANNED
DOE_101,584.211,0.02429,PLANNED
DOE_102,584.211,0.02571,PLANNED
DOE_103,584.211,0.02714,PLANNED
DOE_104,584.211,0.02857,PLANNED
DOE_105,584.211,0.03,PLANNED
DOE_106,631.579,0.01,PLANNED
DOE_107,631.579,0.01143,PLANNED
DOE_108,631.579,0.01286,PLANNED
DOE_109,631.579,0.01429,PLANNED
DOE_110,631.579,0.01571,PLANNED
DOE_111,631.579,0.01714,PLANNED
DOE_112,631.579,0.01857,PLANNED
DOE_113,631.579,0.02,PLANNED
DOE_114,631.579,0.02143,PLANNED
DOE_115,631.579,0.02286,PLANNED
DOE_116,631.579,0.02429,PLANNED
DOE_117,631.579,0.02571,PLANNED
DOE_118,631.579,0.02714,PLANNED
DOE_119,631.579,0.02857,PLANNED
DOE_120,631.579,0.03,PLANNED
DOE_121,678.947,0.01,PLANNED
DOE_122,678.947,0.01143,PLANNED
DOE_123,678.947,0.01286,PLANNED
DOE_124,678.947,0.01429,PLANNED
DOE_125,678.947,0.01571,PLANNED
DOE_126,678.947,0.01714,PLANNED
DOE_127,678.947,0.01857,PLANNED
DOE_128,678.947,0.02,PLANNED
DOE_129,678.947,0.02143,PLANNED
DOE_130,678.947,0.02286,PLANNED
DOE_131,678.947,0.02429,PLANNED
DOE_132,678.947,0.02571,PLANNED
DOE_133,678.947,0.02714,PLANNED
DOE_134,678.947,0.02857,PLANNED
DOE_135,678.947,0.03,PLANNED
DOE_136,726.316,0.01,PLANNED
DOE_137,726.316,0.01143,PLANNED
DOE_138,726.316,0.01286,PLANNED
DOE_139,726.316,0.01429,PLANNED
DOE_140,726.316,0.01571,PLANNED
DOE_141,726.316,0.01714,PLANNED
DOE_142,726.316,0.01857,PLANNED
DOE_143,726.316,0.02,PLANNED
DOE_144,726.316,0.02143,PLANNED
DOE_145,726.316,0.02286,PLANNED
DOE_146,726.316,0.02429,PLANNED
DOE_147,726.316,0.02571,PLANNED
DOE_148,726.316,0.02714,PLANNED
DOE_149,726.316,0.02857,PLANNED
DOE_150,726.316,0.03,PLANNED
DOE_151,773.684,0.01,PLANNED
DOE_152,773.684,0.01143,PLANNED
DOE_153,773.684,0.01286,PLANNED
DOE_154,773.684,0.01429,PLANNED
DOE_155,773.684,0.01571,PLANNED
DOE_156,773.684,0.01714,PLANNED
DOE_157,773.684,0.01857,PLANNED
DOE_158,773.684,0.02,PLANNED
DOE_159,773.684,0.02143,PLANNED
DOE_160,773.684,0.02286,PLANNED
DOE_161,773.684,0.02429,PLANNED
DOE_162,773.684,0.02571,PLANNED
DOE_163,773.684,0.02714,PLANNED
DOE_164,773.684,0.02857,PLANNED
DOE_165,773.684,0.03,PLANNED
DOE_166,821.053,0.01,PLANNED
DOE_167,821.053,0.01143,PLANNED
DOE_168,821.053,0.01286,PLANNED
DOE_169,821.053,0.01429,PLANNED
DOE_170,821.053,0.01571,PLANNED
DOE_171,821.053,0.01714,PLANNED
DOE_172,821.053,0.01857,PLANNED
DOE_173,821.053,0.02,PLANNED
DOE_174,821.053,0.02143,PLANNED
DOE_175,821.053,0.02286,PLANNED
DOE_176,821.053,0.02429,PLANNED
DOE_177,821.053,0.02571,PLANNED
DOE_178,821.053,0.02714,PLANNED
DOE_179,821.053,0.02857,PLANNED
DOE_180,821.053,0.03,PLANNED
DOE_181,868.421,0.01,PLANNED
DOE_182,868.421,0.01143,PLANNED
DOE_183,868.421,0.01286,PLANNED
DOE_184,868.421,0.01429,PLANNED
DOE_185,868.421,0.01571,PLANNED
DOE_186,868.421,0.01714,PLANNED
DOE_187,868.421,0.01857,PLANNED
DOE_188,868.421,0.02,PLANNED
DOE_189,868.421,0.02143,PLANNED
DOE_190,868.421,0.02286,PLANNED
DOE_191,868.421,0.02429,PLANNED
DOE_192,868.421,0.02571,PLANNED
DOE_193,868.421,0.02714,PLANNED
DOE_194,868.421,0.02857,PLANNED
DOE_195,868.421,0.03,PLANNED
DOE_196,915.789,0.01,PLANNED
DOE_197,915.789,0.01143,PLANNED
DOE_198,915.789,0.01286,PLANNED
DOE_199,915.789,0.01429,PLANNED
DOE_200,915.789,0.01571,PLANNED
DOE_201,915.789,0.01714,PLANNED
DOE_202,915.789,0.01857,PLANNED
DOE_203,915.789,0.02,PLANNED
DOE_204,915.789,0.02143,PLANNED
DOE_205,915.789,0.02286,PLANNED
DOE_206,915.789,0.02429,PLANNED
DOE_207,915.789,0.02571,PLANNED
DOE_208,915.789,0.02714,PLANNED
DOE_209,915.789,0.02857,PLANNED
DOE_210,915.789,0.03,PLANNED
DOE_211,963.158,0.01,PLANNED
DOE_212,963.158,0.01143,PLANNED
DOE_213,963.158,0.01286,PLANNED
DOE_214,963.158,0.01429,PLANNED
DOE_215,963.158,0.01571,PLANNED
DOE_216,963.158,0.01714,PLANNED
DOE_217,963.158,0.01857,PLANNED
DOE_218,963.158,0.02,PLANNED
DOE_219,963.158,0.02143,PLANNED
DOE_220,963.158,0.02286,PLANNED
DOE_221,963.158,0.02429,PLANNED
DOE_222,963.158,0.02571,PLANNED
DOE_223,963.158,0.02714,PLANNED
DOE_224,963.158,0.02857,PLANNED
DOE_225,963.158,0.03,PLANNED
DOE_226,1010.526,0.01,PLANNED
DOE_227,1010.526,0.01143,PLANNED
DOE_228,1010.526,0.01286,PLANNED
DOE_229,1010.526,0.01429,PLANNED
DOE_230,1010.526,0.01571,PLANNED
DOE_231,1010.526,0.01714,PLANNED
DOE_232,1010.526,0.01857,PLANNED
DOE_233,1010.526,0.02,PLANNED
DOE_234,1010.526,0.02143,PLANNED
DOE_235,1010.526,0.02286,PLANNED
DOE_236,1010.526,0.02429,PLANNED
DOE_237,1010.526,0.02571,PLANNED
DOE_238,1010.526,0.02714,PLANNED
DOE_239,1010.526,0.02857,PLANNED
DOE_240,1010.526,0.03,PLANNED
DOE_241,1057.895,0.01,PLANNED
DOE_242,1057.895,0.01143,PLANNED
DOE_243,1057.895,0.01286,PLANNED
DOE_244,1057.895,0.01429,PLANNED
DOE_245,1057.895,0.01571,PLANNED
DOE_246,1057.895,0.01714,PLANNED
DOE_247,1057.895,0.01857,PLANNED
DOE_248,1057.895,0.02,PLANNED
DOE_249,1057.895,0.02143,PLANNED
DOE_250,1057.895,0.02286,PLANNED
DOE_251,1057.895,0.02429,PLANNED
DOE_252,1057.895,0.02571,PLANNED
DOE_253,1057.895,0.02714,PLANNED
DOE_254,1057.895,0.02857,PLANNED
DOE_255,1057.895,0.03,PLANNED
DOE_256,1105.263,0.01,PLANNED
DOE_257,1105.263,0.01143,PLANNED
DOE_258,1105.263,0.01286,PLANNED
DOE_259,1105.263,0.01429,PLANNED
DOE_260,1105.263,0.01571,PLANNED
DOE_261,1105.263,0.01714,PLANNED
DOE_262,1105.263,0.01857,PLANNED
DOE_263,1105.263,0.02,PLANNED
DOE_264,1105.263,0.02143,PLANNED
DOE_265,1105.263,0.02286,PLANNED
DOE_266,1105.263,0.02429,PLANNED
DOE_267,1105.263,0.02571,PLANNED
DOE_268,1105.263,0.02714,PLANNED
DOE_269,1105.263,0.02857,PLANNED
DOE_270,1105.263,0.03,PLANNED
DOE_271,1152.632,0.01,PLANNED
DOE_272,1152.632,0.01143,PLANNED
DOE_273,1152.632,0.01286,PLANNED
DOE_274,1152.632,0.01429,PLANNED
DOE_275,1152.632,0.01571,PLANNED
DOE_276,1152.632,0.01714,PLANNED
DOE_277,1152.632,0.01857,PLANNED
DOE_278,1152.632,0.02,PLANNED
DOE_279,1152.632,0.02143,PLANNED
DOE_280,1152.632,0.02286,PLANNED
DOE_281,1152.632,0.02429,PLANNED
DOE_282,1152.632,0.02571,PLANNED
DOE_283,1152.632,0.02714,PLANNED
DOE_284,1152.632,0.02857,PLANNED
DOE_285,1152.632,0.03,PLANNED
DOE_286,1200.0,0.01,PLANNED
DOE_287,1200.0,0.01143,PLANNED
DOE_288,1200.0,0.01286,PLANNED
DOE_289,1200.0,0.01429,PLANNED
DOE_290,1200.0,0.01571,PLANNED
DOE_291,1200.0,0.01714,PLANNED
DOE_292,1200.0,0.01857,PLANNED
DOE_293,1200.0,0.02,PLANNED
DOE_294,1200.0,0.02143,PLANNED
DOE_295,1200.0,0.02286,PLANNED
DOE_296,1200.0,0.02429,PLANNED
DOE_297,1200.0,0.02571,PLANNED
DOE_298,1200.0,0.02714,PLANNED
DOE_299,1200.0,0.02857,PLANNED
DOE_300,1200.0,0.03,PLANNED
